Modelo,Error cuadrático medio,score,f1,acuracy
modelo lr,0.3141025641025641,0.6858974358974359,0.6666666666666667,0.6858974358974359
